id,title,company,url,location,salary,posted_at,checked_at,posting_status,fit_score,assessment,confidence,evidence_coverage_percent,eligibility,application_priority,strengths,gaps,unknowns,eligibility_details,next_action,notes,discovery_sources,discovery_urls,company_id,company_name,company_url,company_checked_at,company_fit_score,company_assessment,company_component_job_ids,company_scored_count,company_recommended_count,company_evidence_coverage_percent,company_open_job_count,company_recommended_job_ids,company_recommended_job_urls,company_size,company_size_basis,company_size_as_of,company_size_scope,company_size_sources,company_headcount_direction,company_headcount_period_start,company_headcount_period_end,company_headcount_summary,company_headcount_sources,company_layoff_status,company_layoff_event_date,company_layoff_date_type,company_layoff_summary,company_layoff_searched_from,company_layoff_searched_through,company_layoff_sources
DEMO-105,Client Onboarding Coordinator,Example North,https://example.com/jobs/demo-105,"Toronto, Canada — hybrid","CAD 70,000–85,000 base salary per year; employer-stated in fictional JD",2026-09-09,2026-09-10,open,95.0,assessed,High,100.0,Met,High,Maintain customer records in HubSpot; Guide customers through software onboarding and handoffs; Two years in customer services; Excel reporting,Partial: SaaS customer experience,,,Tailor truthful accomplishments to the strongest relevant requirements.,"FICTIONAL full-time, Toronto hybrid opening. Same synthetic candidate; independent requisition. Used to demonstrate ranking and the maximum of three recommendations at one company.",Example North careers (simulated),https://example.com/jobs/demo-105,EXAMPLE-NORTH,Example North,https://example.com/companies/north,2026-09-10,90.0,assessed,DEMO-105; DEMO-106; DEMO-101,3,3,96.7,4,DEMO-105; DEMO-106; DEMO-101,https://example.com/jobs/demo-105; https://example.com/jobs/demo-106; https://example.com/jobs/demo-101,350 employees,reported,2026-06-30,Company-wide employees; contractors excluded,FICTIONAL: North midyear workforce statement: https://example.com/companies/north/workforce-2026-06-30,growing,2025-06-30,2026-06-30,FICTIONAL: reported employee count rose from 300 to 350 over this dated interval; this does not guarantee future hiring.,FICTIONAL: North prior workforce statement: https://example.com/companies/north/workforce-2025-06-30; FICTIONAL: North midyear workforce statement: https://example.com/companies/north/workforce-2026-06-30,reported,2026-08-15,announcement,FICTIONAL: latest located announcement affects 12 positions in one product group. The effective date and current net headcount are unknown; the earlier growth interval predates this announcement. The simulated review covered the 24-month window plus a broader-history check in the listed sources; no later announcement was located in that limited review.,2024-09-10,2026-09-10,FICTIONAL: North restructuring announcement: https://example.com/companies/north/restructuring-2026-08-15; FICTIONAL: North 24-month and broader-history layoff review: https://example.com/research/north-layoff-review-2026-09-10
DEMO-106,Account Support Specialist,Example North,https://example.com/jobs/demo-106,"Toronto, Canada — hybrid","CAD 70,000–85,000 base salary per year; employer-stated in fictional JD",2026-09-09,2026-09-10,open,90.0,assessed,High,90.0,Met,High,Maintain customer records in HubSpot; Maintain client records and coordinate account-service requests; Experience supporting an account lead; Excel reporting,,Direct experience at a SaaS vendor,,Tailor truthful accomplishments to the strongest relevant requirements.,"FICTIONAL full-time, Toronto hybrid opening. Same synthetic candidate; independent requisition. Used to demonstrate ranking and the maximum of three recommendations at one company.",Example North careers (simulated),https://example.com/jobs/demo-106,EXAMPLE-NORTH,Example North,https://example.com/companies/north,2026-09-10,90.0,assessed,DEMO-105; DEMO-106; DEMO-101,3,3,96.7,4,DEMO-105; DEMO-106; DEMO-101,https://example.com/jobs/demo-105; https://example.com/jobs/demo-106; https://example.com/jobs/demo-101,350 employees,reported,2026-06-30,Company-wide employees; contractors excluded,FICTIONAL: North midyear workforce statement: https://example.com/companies/north/workforce-2026-06-30,growing,2025-06-30,2026-06-30,FICTIONAL: reported employee count rose from 300 to 350 over this dated interval; this does not guarantee future hiring.,FICTIONAL: North prior workforce statement: https://example.com/companies/north/workforce-2025-06-30; FICTIONAL: North midyear workforce statement: https://example.com/companies/north/workforce-2026-06-30,reported,2026-08-15,announcement,FICTIONAL: latest located announcement affects 12 positions in one product group. The effective date and current net headcount are unknown; the earlier growth interval predates this announcement. The simulated review covered the 24-month window plus a broader-history check in the listed sources; no later announcement was located in that limited review.,2024-09-10,2026-09-10,FICTIONAL: North restructuring announcement: https://example.com/companies/north/restructuring-2026-08-15; FICTIONAL: North 24-month and broader-history layoff review: https://example.com/research/north-layoff-review-2026-09-10
DEMO-101,Customer Success Specialist,Example North,https://example.com/jobs/demo-101,"Toronto, Canada — hybrid","CAD 70,000–85,000 base salary per year; employer-stated in fictional JD",2026-09-08,2026-09-10,open,85.0,assessed,High,100.0,Met,High,Maintain customer records in HubSpot; Onboard business customers; Excel reporting,Partial: Independently manage a customer portfolio; Partial: SaaS customer experience,,,Tailor truthful accomplishments to the strongest relevant requirements.,Fictional JD employment type: full-time. Emphasize onboarding results and explain the scope of account ownership truthfully.,LinkedIn (simulated); Example North careers (simulated),https://example.com/demo-linkedin/demo-101; https://example.com/jobs/demo-101,EXAMPLE-NORTH,Example North,https://example.com/companies/north,2026-09-10,90.0,assessed,DEMO-105; DEMO-106; DEMO-101,3,3,96.7,4,DEMO-105; DEMO-106; DEMO-101,https://example.com/jobs/demo-105; https://example.com/jobs/demo-106; https://example.com/jobs/demo-101,350 employees,reported,2026-06-30,Company-wide employees; contractors excluded,FICTIONAL: North midyear workforce statement: https://example.com/companies/north/workforce-2026-06-30,growing,2025-06-30,2026-06-30,FICTIONAL: reported employee count rose from 300 to 350 over this dated interval; this does not guarantee future hiring.,FICTIONAL: North prior workforce statement: https://example.com/companies/north/workforce-2025-06-30; FICTIONAL: North midyear workforce statement: https://example.com/companies/north/workforce-2026-06-30,reported,2026-08-15,announcement,FICTIONAL: latest located announcement affects 12 positions in one product group. The effective date and current net headcount are unknown; the earlier growth interval predates this announcement. The simulated review covered the 24-month window plus a broader-history check in the listed sources; no later announcement was located in that limited review.,2024-09-10,2026-09-10,FICTIONAL: North restructuring announcement: https://example.com/companies/north/restructuring-2026-08-15; FICTIONAL: North 24-month and broader-history layoff review: https://example.com/research/north-layoff-review-2026-09-10
DEMO-107,Client Enablement Associate,Example North,https://example.com/jobs/demo-107,"Toronto, Canada — hybrid","CAD 70,000–85,000 base salary per year; employer-stated in fictional JD",2026-09-09,2026-09-10,open,62.5,assessed,High,90.0,Met,Medium,Maintain customer records in HubSpot,Partial: Create and deliver group customer training; Partial: Independently manage a customer portfolio; Partial: SaaS customer experience,Webinar production tools,,"Address material partial matches with specific, truthful examples.","FICTIONAL full-time, Toronto hybrid opening. Same synthetic candidate; independent requisition. Used to demonstrate ranking and the maximum of three recommendations at one company.",Example North careers (simulated),https://example.com/jobs/demo-107,EXAMPLE-NORTH,Example North,https://example.com/companies/north,2026-09-10,90.0,assessed,DEMO-105; DEMO-106; DEMO-101,3,3,96.7,4,DEMO-105; DEMO-106; DEMO-101,https://example.com/jobs/demo-105; https://example.com/jobs/demo-106; https://example.com/jobs/demo-101,350 employees,reported,2026-06-30,Company-wide employees; contractors excluded,FICTIONAL: North midyear workforce statement: https://example.com/companies/north/workforce-2026-06-30,growing,2025-06-30,2026-06-30,FICTIONAL: reported employee count rose from 300 to 350 over this dated interval; this does not guarantee future hiring.,FICTIONAL: North prior workforce statement: https://example.com/companies/north/workforce-2025-06-30; FICTIONAL: North midyear workforce statement: https://example.com/companies/north/workforce-2026-06-30,reported,2026-08-15,announcement,FICTIONAL: latest located announcement affects 12 positions in one product group. The effective date and current net headcount are unknown; the earlier growth interval predates this announcement. The simulated review covered the 24-month window plus a broader-history check in the listed sources; no later announcement was located in that limited review.,2024-09-10,2026-09-10,FICTIONAL: North restructuring announcement: https://example.com/companies/north/restructuring-2026-08-15; FICTIONAL: North 24-month and broader-history layoff review: https://example.com/research/north-layoff-review-2026-09-10
DEMO-108,Customer Service Scheduling Coordinator,Example Freight,https://example.com/jobs/demo-108,"Toronto, Canada — hybrid","CAD 65,000–75,000 base salary per year; employer-stated in fictional JD",2026-09-08,2026-09-10,open,70.0,assessed,High,90.0,Met,Medium,Excel operational reporting; Coordinate schedules and service handoffs,Partial: Two years of dedicated operations responsibility; Absent: Basic SQL,Logistics industry knowledge,,"Address material partial matches with specific, truthful examples.","FICTIONAL full-time hybrid job. Unlike DEMO-102, two on-site days per week are explicitly confirmed and fit the sample preference.",Example Freight careers (simulated),https://example.com/jobs/demo-108,EXAMPLE-FREIGHT,Example Freight,https://example.com/companies/freight,2026-09-10,70.0,provisional,DEMO-108; DEMO-102,2,2,90.0,2,DEMO-108; DEMO-102,https://example.com/jobs/demo-108; https://example.com/jobs/demo-102,201–500 employees,range,2026-09-10,Company profile range; organization-wide scope as presented by the fictional source,FICTIONAL: Freight company profile: https://example.com/companies/freight/company-profile,unknown,,,FICTIONAL: a single broad size range cannot establish a headcount trend.,,none_found,,unspecified,"FICTIONAL: no layoff report found in the listed simulated sources during the stated 24-month window or the supplemental broader-history check. This is a bounded source review, not proof that no layoffs ever occurred.",2024-09-10,2026-09-10,FICTIONAL: Freight newsroom window reviewed: https://example.com/companies/freight/news-2024-09-10-to-2026-09-10; FICTIONAL: public layoff-notice window and broader-history search: https://example.com/research/freight-layoff-search-2026-09-10
DEMO-102,Operations Coordinator,Example Freight,https://example.com/jobs/demo-102,"Toronto, Canada — on-site schedule unclear","CAD 65,000–75,000 base salary per year; employer-stated in fictional JD",2026-09-08,2026-09-10,open,70.0,assessed,High,90.0,Unknown,Clarify eligibility,Excel operational reporting; Coordinate schedules and service handoffs,Partial: Two years of dedicated operations responsibility; Absent: Basic SQL,Logistics industry knowledge,Eligibility unknown: Hybrid arrangement permitted,Confirm unknown or unassessed hard constraints before prioritizing.,Fictional JD employment type: full-time. Clarify on-site expectations; prepare an example of coordinating handoffs.,LinkedIn (simulated); Indeed (simulated),https://example.com/demo-linkedin/demo-102; https://example.com/demo-indeed/demo-102,EXAMPLE-FREIGHT,Example Freight,https://example.com/companies/freight,2026-09-10,70.0,provisional,DEMO-108; DEMO-102,2,2,90.0,2,DEMO-108; DEMO-102,https://example.com/jobs/demo-108; https://example.com/jobs/demo-102,201–500 employees,range,2026-09-10,Company profile range; organization-wide scope as presented by the fictional source,FICTIONAL: Freight company profile: https://example.com/companies/freight/company-profile,unknown,,,FICTIONAL: a single broad size range cannot establish a headcount trend.,,none_found,,unspecified,"FICTIONAL: no layoff report found in the listed simulated sources during the stated 24-month window or the supplemental broader-history check. This is a bounded source review, not proof that no layoffs ever occurred.",2024-09-10,2026-09-10,FICTIONAL: Freight newsroom window reviewed: https://example.com/companies/freight/news-2024-09-10-to-2026-09-10; FICTIONAL: public layoff-notice window and broader-history search: https://example.com/research/freight-layoff-search-2026-09-10
DEMO-103,Client Onboarding Associate,Example Pacific,https://example.com/jobs/demo-103,Remote — United States only,"USD 60,000–75,000 base salary per year; employer-stated in fictional JD",2026-09-08,2026-09-10,open,100.0,assessed,High,100.0,Unmet,Blocked,Maintain HubSpot client records; Onboard clients and prepare reports; Two years in client services; Team scheduling; Software customer support,,,Eligibility unmet: US work authorization and US residence,Resolve the explicit hard blocker or find an eligible equivalent.,Fictional JD employment type: full-time. High documented fit does not remove the geographic and authorization blocker.,Indeed (simulated),https://example.com/demo-indeed/demo-103,EXAMPLE-PACIFIC,Example Pacific,https://example.com/companies/pacific,2026-09-10,N/A,not assessed,,0,0,N/A,1,,,,unknown,,Company-wide headcount; unknown in this fictional scenario,,unknown,,,FICTIONAL: no comparable dated headcount observations available. Unknown is not stable.,,unknown,,unspecified,FICTIONAL: layoff research could not be completed; no conclusion about layoffs.,,,
DEMO-104,Customer Operations Associate,Example Unverified,https://example.com/jobs/demo-104,Unknown,,,2026-09-10,unverified,N/A,insufficient evidence,Low,0.0,Unknown,Lead only,,,,Eligibility not assessed,"Verify the employer posting, open status, and full job description.",Demonstrates an inaccessible discovery lead; details and open status have not been verified.,LinkedIn (simulated),https://example.com/demo-linkedin/demo-104,EXAMPLE-UNVERIFIED,Example Unverified,,2026-09-10,N/A,not assessed,,0,0,N/A,0,,,,unknown,,Company-wide headcount; unknown in this fictional scenario,,unknown,,,FICTIONAL: no comparable dated headcount observations available. Unknown is not stable.,,unknown,,unspecified,FICTIONAL: layoff research could not be completed; no conclusion about layoffs.,,,
DEMO-109,Customer Operations Coordinator — Closed,Example Unverified,https://example.com/jobs/demo-109,"Toronto, Canada",,,2026-09-10,closed,N/A,insufficient evidence,Low,0.0,Unknown,Inactive,,,,Eligibility not assessed,Do not apply to this closed posting; find an active equivalent.,FICTIONAL direct page states applications closed on 2026-09-09. Retained solely to demonstrate exclusion; never recommend or present as an active vacancy.,Example Unverified careers (simulated),https://example.com/jobs/demo-109,EXAMPLE-UNVERIFIED,Example Unverified,,2026-09-10,N/A,not assessed,,0,0,N/A,0,,,,unknown,,Company-wide headcount; unknown in this fictional scenario,,unknown,,,FICTIONAL: no comparable dated headcount observations available. Unknown is not stable.,,unknown,,unspecified,FICTIONAL: layoff research could not be completed; no conclusion about layoffs.,,,
